Protein_ID,Accession,Gene_Symbol,Protein_Description,Peptide_Count,Unique_Peptides,Sequence_Coverage_Percent,Molecular_Weight_kDa,Control_Rep1_Intensity,Control_Rep2_Intensity,Control_Rep3_Intensity,Treatment_Rep1_Intensity,Treatment_Rep2_Intensity,Treatment_Rep3_Intensity,Mean_Log2FC_Treatment_vs_Control,P_Value,Adjusted_P_Value_BH
sp|P93168|CTGDC_HUMAN,P93168,CTGDC,CTGDC isoform 1,12,7,13.9,35.4,4.35299e+10,2.30685e+10,5.06238e+10,2.79266e+11,1.3272e+11,3.5645e+11,2.674,0.00929059,0.59607
sp|O93791|MCJZ_HUMAN,O93791,MCJZ,Putative MCJZ family protein,12,11,24.5,85,1.64046e+10,2.20007e+10,8.76178e+09,3.35329e+09,4.35181e+09,2.19296e+09,-2.209,0.0127457,0.59607
sp|Q24605|WZHQ_HUMAN,Q24605,WZHQ,WZHQ homolog,12,5,26.3,65,5.84632e+10,4.94447e+10,4.9654e+10,8.35661e+10,7.1084e+10,7.32282e+10,0.533,0.00782665,0.59607
sp|O30863|DBBHY_HUMAN,O30863,DBBHY,Mitochondrial DBBHY protein,8,6,9.7,13.7,6.04702e+10,5.97545e+10,9.77304e+10,1.93262e+10,2.0849e+10,2.04673e+10,-1.807,0.0149017,0.59607
sp|O10893|DFD_HUMAN,O10893,DFD,Mitochondrial DFD protein,12,9,29,82,4.87695e+10,2.59412e+10,2.97867e+10,2.24733e+11,1.16216e+11,9.70781e+10,2.024,0.0138344,0.59607
sp|O54237|IMBV_HUMAN,O54237,IMBV,Mitochondrial IMBV protein,8,5,12.1,54.2,3.28908e+10,2.77242e+10,1.38064e+10,1.52041e+11,1.49601e+11,5.96298e+10,2.25,0.0194753,0.649177
sp|O43798|RKTA3_HUMAN,O43798,RKTA3,RKTA3 subunit alpha,11,6,12.8,29.3,3.31428e+10,2.68248e+10,2.92071e+10,1.54019e+10,2.01828e+10,1.25524e+10,-0.911,0.0289229,0.82637
sp|P17987|NDJ5_HUMAN,P17987,NDJ5,Putative NDJ5 family protein,13,8,8.5,75.6,9.83746e+09,1.50358e+10,2.92648e+10,3.00531e+09,4.18006e+09,8.81696e+09,-1.763,0.0530677,0.964868
sp|O96006|MHM_HUMAN,O96006,MHM,MHM homolog,11,8,22.6,63.7,1.19917e+10,2.36177e+10,4.38915e+10,3.77109e+09,6.31983e+09,1.00681e+10,-1.898,0.052926,0.964868
sp|P87506|LTZ_HUMAN,P87506,LTZ,Mitochondrial LTZ protein,3,2,32.3,66.5,1.80189e+10,2.96734e+10,5.13603e+10,5.84213e+09,1.06775e+10,1.37266e+10,-1.668,0.0444654,0.964868
sp|P21695|DJU_HUMAN,P21695,DJU,DJU protein,10,4,21.4,51.4,1.38197e+10,1.62747e+10,1.46485e+10,1.26522e+10,9.51521e+09,9.97297e+09,-0.485,0.0421918,0.964868
sp|O61628|JRSR1_HUMAN,O61628,JRSR1,JRSR1 homolog,12,6,26,9.5,1.5369e+10,2.95965e+10,8.3791e+09,1.05896e+10,1.10122e+10,4.88592e+09,-0.914,0.238651,0.999824
sp|Q49255|CJJI_HUMAN,Q49255,CJJI,CJJI protein,3,2,24.9,85.3,3.37404e+10,3.90967e+09,4.72004e+09,3.29336e+10,3.78497e+09,6.27408e+09,0.11,0.940073,0.999824
sp|O73212|LDXCH_HUMAN,O73212,LDXCH,Mitochondrial LDXCH protein,8,5,26.2,84.6,1.50963e+10,9.62057e+09,3.62697e+10,3.29144e+10,1.94416e+10,6.65688e+10,1.005,0.258043,0.999824
sp|P60210|PSBF_HUMAN,P60210,PSBF,PSBF protein,7,3,21,9.7,1.06836e+10,6.45226e+09,1.14707e+11,8.8101e+09,6.38774e+09,1.27937e+11,-0.045,0.981986,0.999824
sp|O69251|OSS_HUMAN,O69251,OSS,OSS domain-containing protein,12,6,31.7,52.3,1.28502e+11,5.70637e+10,1.65645e+10,1.55838e+11,8.60754e+10,2.38854e+10,0.466,0.711306,0.999824
sp|P66344|BJZNZ_HUMAN,P66344,BJZNZ,BJZNZ protein,7,7,24.7,20.8,1.28956e+10,1.67115e+10,7.62377e+10,1.44695e+10,1.59234e+10,8.51273e+10,0.085,0.944635,0.999824
sp|Q63775|SRNGQ3_HUMAN,Q63775,SRNGQ3,SRNGQ3 domain-containing protein,10,5,13.6,38.2,3.73507e+10,4.54348e+09,3.66282e+10,3.97528e+10,4.11582e+09,3.79635e+10,-0,0.999824,0.999824
sp|P52624|NCQ_HUMAN,P52624,NCQ,NCQ isoform 1,11,9,21.4,51,7.4272e+10,6.72229e+10,1.14446e+10,8.85719e+10,7.06437e+10,1.25982e+10,0.155,0.90731,0.999824
sp|O37464|LYW_HUMAN,O37464,LYW,LYW isoform 1,8,6,8.1,44.9,1.80231e+10,1.34612e+10,4.88332e+10,2.18829e+10,1.57986e+10,5.2877e+10,0.209,0.799121,0.999824
sp|Q47344|FJEYX_HUMAN,Q47344,FJEYX,FJEYX isoform 1,8,7,21.3,56.5,1.94437e+10,3.68921e+10,7.02654e+10,2.46896e+10,4.38339e+10,6.5566e+10,0.164,0.819822,0.999824
sp|P34299|GOC_HUMAN,P34299,GOC,Mitochondrial GOC protein,8,5,31.7,73.2,8.00869e+09,5.96957e+10,1.02819e+11,5.1736e+10,2.48975e+11,6.14186e+11,2.443,0.18591,0.999824
sp|Q57975|ZND_HUMAN,Q57975,ZND,ZND isoform 1,13,10,30.6,39.6,2.46487e+10,7.22597e+10,3.80298e+10,1.21761e+10,3.21091e+10,1.47763e+10,-1.184,0.129569,0.999824
sp|O11462|GWL2_HUMAN,O11462,GWL2,GWL2 isoform 1,4,1,17.4,49.8,1.38962e+10,3.80207e+10,1.23319e+11,3.18141e+10,6.68284e+10,2.6442e+11,1.036,0.462407,0.999824
sp|P91441|RSKRJ_HUMAN,P91441,RSKRJ,RSKRJ domain-containing protein,7,4,11.6,48.4,2.55569e+10,1.26644e+11,1.92898e+09,5.43686e+10,2.3584e+11,3.07157e+09,0.886,0.745366,0.999824
sp|P14603|NGM_HUMAN,P14603,NGM,NGM homolog,7,4,36.7,31.1,3.85684e+10,1.45283e+10,1.97873e+10,6.23273e+10,3.11964e+10,4.16244e+10,0.956,0.140717,0.999824
sp|Q95473|ORVUF1_HUMAN,Q95473,ORVUF1,ORVUF1 subunit alpha,13,7,16.8,42,1.45127e+10,1.6885e+11,2.6134e+10,1.92332e+10,1.67141e+11,3.00824e+10,0.198,0.896492,0.999824
sp|O40607|GFYW_HUMAN,O40607,GFYW,GFYW homolog,9,6,16.9,63.2,9.19834e+09,6.02968e+10,7.81379e+09,3.5162e+10,2.02535e+11,3.80796e+10,1.989,0.189245,0.999824
sp|P75756|KXLG3_HUMAN,P75756,KXLG3,KXLG3 isoform 1,10,8,26.2,44.6,3.26419e+10,3.73245e+09,7.01849e+09,2.89223e+10,5.52284e+09,1.03812e+10,0.318,0.7984,0.999824
sp|Q73382|GPXKF_HUMAN,Q73382,GPXKF,GPXKF isoform 1,10,7,19.9,45.2,3.22525e+10,5.54344e+10,3.14407e+10,2.06099e+10,3.94254e+10,2.10562e+10,-0.572,0.233569,0.999824
sp|O80354|CBCQ_HUMAN,O80354,CBCQ,CBCQ domain-containing protein,8,4,35.5,58.6,2.35962e+10,1.9602e+10,6.03884e+09,6.30541e+10,5.53937e+10,1.46515e+10,1.398,0.20051,0.999824
sp|Q81186|PAC2_HUMAN,Q81186,PAC2,PAC2 isoform 1,12,9,14.2,55,1.21482e+11,2.09593e+10,2.09596e+10,1.84839e+10,3.55614e+09,2.91355e+09,-2.707,0.0860989,0.999824
sp|Q33283|GYLW_HUMAN,Q33283,GYLW,GYLW protein,8,4,24.9,49.2,1.90882e+10,1.78969e+10,6.13015e+09,3.02062e+10,2.48542e+10,9.85319e+09,0.607,0.451923,0.999824
sp|O96971|ZVZYW4_HUMAN,O96971,ZVZYW4,ZVZYW4 domain-containing protein,14,11,23.1,58.1,3.56181e+10,3.43908e+10,2.66249e+10,3.20597e+10,3.43222e+10,2.48615e+10,-0.085,0.685269,0.999824
sp|Q59630|HSSU_HUMAN,Q59630,HSSU,HSSU domain-containing protein,5,3,25.7,48.5,1.88031e+10,1.18753e+10,2.25435e+10,1.50943e+10,9.38307e+09,2.529e+10,-0.164,0.760474,0.999824
sp|P40024|FKBJ_HUMAN,P40024,FKBJ,FKBJ subunit alpha,7,6,13,75.4,2.09502e+10,6.4325e+09,1.73934e+10,1.94845e+10,5.87643e+09,1.75113e+10,-0.075,0.926502,0.999824
sp|P10515|IBMXN1_HUMAN,P10515,IBMXN1,IBMXN1 isoform 1,10,5,24,64.8,3.42705e+10,2.45887e+10,3.88826e+09,4.50218e+10,3.09262e+10,6.48642e+09,0.488,0.726666,0.999824
sp|Q56216|WBB_HUMAN,Q56216,WBB,WBB domain-containing protein,5,4,3,102.2,2.5796e+10,2.81336e+10,3.11057e+11,3.38421e+10,3.15743e+10,3.78198e+11,0.28,0.874605,0.999824
sp|O81833|YOP4_HUMAN,O81833,YOP4,YOP4 protein,8,3,31.9,48.4,2.18538e+10,3.58119e+10,2.55854e+10,1.15389e+10,1.81541e+10,1.97254e+10,-0.759,0.0773965,0.999824
sp|O40734|EFB_HUMAN,O40734,EFB,EFB protein,8,7,38.7,73.7,3.96775e+10,1.74674e+11,3.15417e+10,2.35557e+10,1.45246e+11,1.89086e+10,-0.586,0.654937,0.999824
sp|P37856|ROIG_HUMAN,P37856,ROIG,ROIG subunit alpha,10,6,16.4,15.5,8.23222e+09,8.30595e+10,5.6186e+10,5.15617e+09,5.93298e+10,3.22086e+10,-0.654,0.680778,0.999824
sp|Q83870|GDQ_HUMAN,Q83870,GDQ,Mitochondrial GDQ protein,6,5,40.1,26.3,5.84263e+10,1.0669e+10,1.07719e+11,6.66823e+10,7.53764e+09,7.78915e+10,-0.259,0.869083,0.999824
sp|O34162|AQO1_HUMAN,O34162,AQO1,AQO1 isoform 1,9,7,22.9,55.2,6.52006e+09,4.76361e+10,2.36794e+11,1.44395e+10,5.74293e+10,4.46935e+11,0.778,0.727176,0.999824
sp|Q13332|HLOH_HUMAN,Q13332,HLOH,Mitochondrial HLOH protein,5,3,5.5,41.9,1.60107e+10,5.61853e+09,2.8369e+10,4.48468e+10,2.25229e+10,1.18285e+11,1.85,0.130525,0.999824
sp|O76323|NROYC_HUMAN,O76323,NROYC,NROYC subunit alpha,11,6,34.3,50.4,9.15619e+09,4.2535e+10,1.05625e+10,7.58674e+09,4.07105e+10,7.95166e+09,-0.248,0.827446,0.999824
sp|P48990|XTE_HUMAN,P48990,XTE,Putative XTE family protein,10,7,30.8,68.7,1.24795e+11,1.21033e+10,1.91954e+10,1.33367e+11,1.28844e+10,1.67076e+10,-0.005,0.997607,0.999824
sp|Q19873|IRWNG_HUMAN,Q19873,IRWNG,IRWNG protein,12,9,39.8,35.7,5.97549e+10,7.73588e+09,3.32546e+10,2.35262e+10,2.99557e+09,1.02447e+10,-1.471,0.298122,0.999824
sp|O92542|QVB_HUMAN,O92542,QVB,Putative QVB family protein,10,9,22.1,42.8,9.78932e+10,5.30819e+09,3.18605e+10,1.21142e+11,4.64314e+09,2.78973e+10,-0.026,0.989443,0.999824
sp|P95761|ZELSO5_HUMAN,P95761,ZELSO5,ZELSO5 homolog,11,6,21.5,31.6,3.43505e+10,5.78907e+10,7.68894e+09,3.1001e+10,6.20446e+10,6.49513e+09,-0.097,0.944027,0.999824
sp|Q45340|OVP4_HUMAN,Q45340,OVP4,Putative OVP4 family protein,6,5,18.9,78.6,7.07295e+09,4.4642e+10,3.56489e+10,6.71764e+09,4.97451e+10,4.83578e+10,0.174,0.897882,0.999824
sp|O15033|IXU_HUMAN,O15033,IXU,IXU subunit alpha,8,6,16.7,85.8,3.40295e+10,3.74566e+10,1.34195e+10,8.97016e+10,5.88501e+10,2.09688e+10,0.898,0.318931,0.999824
sp|P83324|RRJ_HUMAN,P83324,RRJ,Mitochondrial RRJ protein,10,6,18.9,23.4,3.34144e+10,3.55097e+10,1.29667e+10,3.93516e+10,4.10477e+10,2.29582e+10,0.423,0.489209,0.999824
sp|Q25689|ZTYG5_HUMAN,Q25689,ZTYG5,Mitochondrial ZTYG5 protein,7,3,23.7,52.2,1.71145e+11,4.25452e+10,8.04806e+09,5.23882e+11,1.06888e+11,1.83537e+10,1.377,0.506977,0.999824
sp|O97134|WAT_HUMAN,O97134,WAT,WAT domain-containing protein,8,6,15.2,83.1,5.10746e+10,9.99468e+09,5.81961e+10,4.55343e+10,6.99116e+09,4.66999e+10,-0.333,0.798798,0.999824
sp|P10066|WVGUC_HUMAN,P10066,WVGUC,Mitochondrial WVGUC protein,10,8,8.6,63,8.43799e+10,1.16587e+10,6.94155e+10,1.90513e+11,2.86326e+10,1.40663e+11,1.163,0.402439,0.999824
sp|Q55246|FVLH_HUMAN,Q55246,FVLH,Putative FVLH family protein,8,5,23.3,45.2,4.00254e+10,6.02676e+10,1.76536e+11,4.48995e+10,6.33046e+10,1.57569e+11,0.024,0.978301,0.999824
sp|O17533|AFI_HUMAN,O17533,AFI,Mitochondrial AFI protein,11,7,15.1,24.1,2.07251e+10,1.24659e+10,1.08832e+10,1.82471e+10,1.59621e+10,1.46993e+10,0.202,0.555679,0.999824
sp|Q91788|GBA_HUMAN,Q91788,GBA,GBA isoform 1,9,7,12.1,44.7,6.02581e+10,2.88983e+10,1.96431e+10,1.93397e+10,9.00369e+09,5.27347e+09,-1.74,0.0747041,0.999824
sp|O50581|ASB5_HUMAN,O50581,ASB5,ASB5 protein,6,3,16.1,60.5,2.90348e+10,3.62976e+09,2.1265e+10,2.27159e+10,3.2586e+09,1.44305e+10,-0.356,0.791528,0.999824
sp|P81289|BGRF1_HUMAN,P81289,BGRF1,BGRF1 isoform 1,6,2,19.1,17.8,3.78582e+10,1.1612e+11,1.57756e+10,5.01391e+10,8.80052e+10,1.76904e+10,0.057,0.960416,0.999824
sp|Q16191|MUUEC_HUMAN,Q16191,MUUEC,MUUEC domain-containing protein,6,3,24.4,72.6,1.18017e+10,1.60383e+10,6.6164e+10,1.54604e+10,1.58582e+10,6.55977e+10,0.12,0.912735,0.999824
sp|O93434|MSRZ2_HUMAN,O93434,MSRZ2,MSRZ2 domain-containing protein,15,12,15.6,88.9,3.67995e+10,1.55954e+10,4.42565e+10,2.10968e+10,8.24901e+09,1.60806e+10,-1.061,0.160546,0.999824
sp|P57645|IWGEL_HUMAN,P57645,IWGEL,IWGEL subunit alpha,4,1,24.2,49.6,2.91896e+10,6.97822e+10,1.31271e+10,6.73538e+09,1.82363e+10,2.79909e+09,-2.094,0.116865,0.999824
sp|P82572|HWTEK_HUMAN,P82572,HWTEK,Putative HWTEK family protein,6,3,12,76.2,4.5572e+10,1.66651e+10,1.66266e+10,7.56123e+10,2.53199e+10,3.35559e+10,0.782,0.312271,0.999824
sp|P59036|ISOE_HUMAN,P59036,ISOE,ISOE domain-containing protein,7,4,42,49.7,5.82342e+09,1.69492e+10,6.2373e+10,5.20491e+09,1.44635e+10,4.96926e+10,-0.24,0.869258,0.999824
sp|O99385|XQRDX_HUMAN,O99385,XQRDX,XQRDX homolog,4,3,24.3,50.6,4.25199e+10,2.46285e+10,1.13582e+10,4.64739e+10,2.25339e+10,1.18769e+10,0.021,0.979672,0.999824
sp|Q21772|YNSTR_HUMAN,Q21772,YNSTR,YNSTR protein,13,10,27.1,23,4.29144e+10,2.11845e+10,5.40946e+10,3.24793e+10,1.72587e+10,4.45757e+10,-0.326,0.599726,0.999824
sp|P48498|KOG_HUMAN,P48498,KOG,KOG protein,11,8,27.3,78.8,4.95212e+10,1.12411e+10,9.07789e+09,4.44153e+10,8.16004e+09,6.94665e+09,-0.335,0.785643,0.999824
sp|O69658|PIU_HUMAN,O69658,PIU,PIU isoform 1,6,3,13.1,25.5,1.13326e+11,2.03296e+10,4.02181e+11,7.88111e+10,1.73249e+10,4.12686e+11,-0.239,0.901651,0.999824
sp|Q80152|WGP_HUMAN,Q80152,WGP,WGP protein,11,5,26.4,62.2,3.49328e+10,6.05771e+10,2.68358e+10,3.82552e+10,5.04723e+10,3.0648e+10,0.02,0.963711,0.999824
sp|P90639|JNRV_HUMAN,P90639,JNRV,JNRV protein,11,8,3,78.1,1.17156e+10,2.45235e+10,3.72587e+10,1.12525e+10,2.45677e+10,3.92339e+10,0.006,0.993401,0.999824
sp|Q68531|TEOKV_HUMAN,Q68531,TEOKV,Putative TEOKV family protein,13,11,20.9,87.4,3.28131e+10,7.62167e+09,3.14977e+10,2.63343e+10,6.66389e+09,2.79031e+10,-0.229,0.824736,0.999824
sp|O42567|NBGWL_HUMAN,O42567,NBGWL,NBGWL homolog,7,5,28.1,55.1,5.08116e+10,1.93263e+10,5.65827e+10,2.94946e+10,1.15144e+10,3.49905e+10,-0.742,0.349656,0.999824
sp|P27174|ZPYXP_HUMAN,P27174,ZPYXP,ZPYXP isoform 1,12,8,12.7,8,1.22302e+10,2.09035e+10,1.63034e+10,8.02217e+09,2.17989e+10,2.01748e+10,-0.08,0.886409,0.999824
sp|O69199|VHU_HUMAN,O69199,VHU,Putative VHU family protein,10,4,25,52.8,5.26146e+10,5.28049e+09,1.65238e+10,3.25065e+10,3.131e+09,1.08554e+10,-0.685,0.642566,0.999824
sp|Q52598|VOXT_HUMAN,Q52598,VOXT,VOXT subunit alpha,11,5,26.9,24.8,2.87492e+10,2.68109e+11,4.09378e+09,2.98646e+10,1.70712e+11,4.69258e+09,-0.133,0.956633,0.999824
sp|O71431|BZP_HUMAN,O71431,BZP,BZP domain-containing protein,6,3,31.3,42.2,6.67964e+09,1.03699e+10,4.43348e+10,3.20204e+09,4.59187e+09,1.73968e+10,-1.195,0.342809,0.999824
sp|P34648|XOSJ_HUMAN,P34648,XOSJ,Putative XOSJ family protein,8,3,11.8,38.7,4.42794e+10,4.43353e+10,1.24821e+12,7.25285e+10,7.28611e+10,1.71821e+12,0.63,0.789956,0.999824
sp|P26932|UYTR_HUMAN,P26932,UYTR,UYTR homolog,5,3,27.5,49.7,2.80768e+10,8.4466e+09,3.78837e+10,2.01772e+10,8.89107e+09,3.29825e+10,-0.201,0.827424,0.999824
sp|O22940|UPIL_HUMAN,O22940,UPIL,UPIL isoform 1,3,2,19.7,49.8,3.89412e+10,1.09449e+10,3.08908e+10,1.62113e+10,2.99136e+09,9.16885e+09,-1.629,0.15217,0.999824
sp|Q10178|WYKT_HUMAN,Q10178,WYKT,WYKT isoform 1,5,4,20.1,54.6,3.19186e+10,1.36665e+10,6.21262e+10,5.74427e+10,2.58795e+10,9.7796e+10,0.808,0.392859,0.999824
sp|P75497|YAWOM_HUMAN,P75497,YAWOM,YAWOM subunit alpha,9,6,14,46.8,2.26032e+11,4.99316e+10,3.4959e+09,3.64427e+11,4.97534e+10,5.49648e+09,0.446,0.866083,0.999824
sp|Q32616|OAQDM2_HUMAN,Q32616,OAQDM2,OAQDM2 domain-containing protein,8,5,25.5,41.2,1.64741e+10,1.37826e+10,1.54808e+11,1.28069e+10,1.07782e+10,1.38332e+11,-0.293,0.86628,0.999824
sp|P27118|USVXZ_HUMAN,P27118,USVXZ,USVXZ domain-containing protein,9,7,19.6,63.5,6.29594e+10,7.97601e+09,1.89581e+10,5.35598e+10,5.31538e+09,1.03761e+10,-0.563,0.690927,0.999824
sp|P12795|GCAO_HUMAN,P12795,GCAO,GCAO subunit alpha,9,4,34.2,58.1,2.21161e+11,7.43809e+10,5.79714e+09,5.64044e+10,1.52004e+10,1.06268e+09,-2.237,0.385214,0.999824
sp|Q55264|QUQ_HUMAN,Q55264,QUQ,Putative QUQ family protein,8,7,21.2,79.6,1.63218e+10,9.4033e+10,1.30536e+10,1.9447e+10,1.2624e+11,1.65471e+10,0.34,0.806995,0.999824
sp|O82833|VQG_HUMAN,O82833,VQG,VQG protein,13,10,31.6,83.7,4.12872e+10,5.7476e+10,1.04835e+10,3.85123e+10,6.4408e+10,8.89478e+09,-0.058,0.962039,0.999824
sp|O35363|FITJ_HUMAN,O35363,FITJ,Mitochondrial FITJ protein,12,11,25.1,73.3,3.97145e+10,7.50711e+09,6.63269e+10,6.69119e+10,9.61974e+09,8.1063e+10,0.467,0.749801,0.999824
sp|P13084|YMGJP_HUMAN,P13084,YMGJP,YMGJP homolog,12,8,29.4,26.1,2.49584e+10,1.0361e+09,9.51003e+09,2.3673e+10,1.04907e+09,7.56193e+09,-0.13,0.948589,0.999824
sp|Q86646|UEI_HUMAN,Q86646,UEI,UEI subunit alpha,14,8,40.4,37.8,2.05768e+10,7.6061e+09,1.35524e+11,2.32702e+10,9.51434e+09,1.6179e+11,0.252,0.890274,0.999824
sp|P11129|CUW_HUMAN,P11129,CUW,CUW protein,11,8,18.6,21.7,1.11945e+11,6.30203e+09,8.47663e+10,1.44722e+11,5.91641e+09,8.15886e+10,0.075,0.971115,0.999824
sp|O10731|RYKSB_HUMAN,O10731,RYKSB,RYKSB homolog,12,10,21,71.3,6.33819e+09,1.70592e+10,3.01889e+10,8.78822e+09,1.71225e+10,3.55776e+10,0.238,0.800147,0.999824
sp|P23798|LSGI_HUMAN,P23798,LSGI,LSGI protein,12,8,16.4,57.4,7.87033e+10,2.82478e+10,9.0159e+09,5.1355e+10,2.1582e+10,8.78006e+09,-0.347,0.780844,0.999824
sp|Q75364|DJD5_HUMAN,Q75364,DJD5,DJD5 domain-containing protein,9,5,24.9,50.3,1.29543e+10,5.22653e+10,1.27607e+10,9.67837e+09,3.58806e+10,8.80141e+09,-0.5,0.623023,0.999824
sp|Q42966|RXWXU2_HUMAN,Q42966,RXWXU2,Mitochondrial RXWXU2 protein,9,8,12,39.7,4.68816e+10,8.24589e+10,6.87678e+10,5.79235e+10,1.10973e+11,8.66188e+10,0.356,0.384653,0.999824
sp|Q66827|QCYGI_HUMAN,Q66827,QCYGI,Putative QCYGI family protein,11,8,21.6,27.7,4.64102e+10,7.82403e+10,7.5985e+10,8.06156e+10,1.20347e+11,1.21848e+11,0.7,0.0923803,0.999824
sp|O42330|WGMP_HUMAN,O42330,WGMP,WGMP protein,11,10,5.1,27.2,3.76086e+09,2.27587e+10,4.77057e+10,3.74161e+09,1.97065e+10,3.6185e+10,-0.205,0.89562,0.999824
sp|Q54130|UMVPI2_HUMAN,Q54130,UMVPI2,UMVPI2 protein,16,9,27.7,52.7,1.2938e+11,7.6823e+09,2.2358e+11,1.69633e+11,1.07867e+10,2.99862e+11,0.435,0.847062,0.999824
sp|O11605|VCYQ_HUMAN,O11605,VCYQ,VCYQ homolog,11,8,25.1,48.1,3.23235e+10,1.45344e+10,2.84042e+10,2.28192e+10,1.03985e+10,1.53197e+10,-0.625,0.266928,0.999824
sp|Q38022|UJLJN_HUMAN,Q38022,UJLJN,Mitochondrial UJLJN protein,11,4,32.1,83.4,2.67616e+10,9.92667e+09,4.20491e+10,4.76014e+10,1.38402e+10,5.34324e+10,0.552,0.562808,0.999824
sp|P80610|FRHP_HUMAN,P80610,FRHP,FRHP isoform 1,9,7,20.9,48.6,3.60185e+10,5.97158e+10,4.97178e+10,2.82603e+10,6.25303e+10,3.80711e+10,-0.223,0.608954,0.999824
sp|Q49867|LTIS_HUMAN,Q49867,LTIS,LTIS subunit alpha,9,8,9.3,8,1.15622e+10,1.51281e+10,5.59259e+10,5.10734e+10,4.79232e+10,2.03738e+11,1.891,0.125556,0.999824
sp|O35791|RQM_HUMAN,O35791,RQM,RQM protein,10,7,23.1,44.7,3.78545e+10,1.32477e+10,6.51267e+10,4.44552e+10,1.63309e+10,9.75523e+10,0.372,0.730253,0.999824
sp|P78469|WEFU_HUMAN,P78469,WEFU,WEFU isoform 1,6,4,25,76.1,3.50833e+10,1.42113e+10,2.1512e+10,3.67333e+10,1.45728e+10,2.3798e+10,0.083,0.885403,0.999824
sp|Q14239|VHJ_HUMAN,Q14239,VHJ,VHJ homolog,10,5,30.8,20.3,2.164e+10,2.13074e+10,7.94804e+10,1.27482e+10,1.16887e+10,5.55671e+10,-0.715,0.499957,0.999824
sp|P29773|EFMSZ_HUMAN,P29773,EFMSZ,EFMSZ subunit alpha,8,7,25,73.2,9.50496e+10,1.46606e+10,4.57793e+10,7.89477e+10,1.37586e+10,3.97226e+10,-0.188,0.869537,0.999824
sp|Q78968|YMVK4_HUMAN,Q78968,YMVK4,YMVK4 homolog,11,5,20.1,67.9,3.66312e+10,2.32566e+10,2.91872e+10,2.83016e+10,1.44485e+10,1.73194e+10,-0.604,0.167353,0.999824
sp|P61415|CAHM_HUMAN,P61415,CAHM,CAHM protein,4,3,26.1,16,2.70514e+10,5.23885e+10,1.94232e+10,6.3212e+10,1.75862e+11,4.34001e+10,1.377,0.142891,0.999824
sp|O70430|BDOHZ1_HUMAN,O70430,BDOHZ1,Mitochondrial BDOHZ1 protein,8,5,23.2,69.9,4.80331e+10,1.16874e+10,2.14674e+11,9.1001e+10,1.75468e+10,4.46254e+11,0.855,0.662158,0.999824
sp|P11515|PUFN_HUMAN,P11515,PUFN,PUFN domain-containing protein,7,7,20.2,36.5,9.68634e+09,7.86597e+09,8.43391e+10,6.06552e+09,4.35616e+09,3.9501e+10,-0.874,0.58583,0.999824
sp|O66240|YFF_HUMAN,O66240,YFF,Putative YFF family protein,5,4,20.7,58.2,2.61667e+10,1.07993e+10,2.85752e+10,2.81003e+10,1.1818e+10,3.50207e+10,0.175,0.802269,0.999824
sp|Q25187|WONEG_HUMAN,Q25187,WONEG,WONEG isoform 1,10,7,24.5,110,1.61793e+10,1.4693e+10,6.19505e+10,1.23557e+10,7.82239e+09,4.10328e+10,-0.631,0.554284,0.999824
sp|P15586|EBA_HUMAN,P15586,EBA,EBA isoform 1,5,5,13.6,47.7,1.3458e+10,7.02355e+10,2.28666e+10,2.36363e+10,1.96596e+11,5.83496e+10,1.216,0.345365,0.999824
sp|Q41186|HGSS_HUMAN,Q41186,HGSS,HGSS homolog,6,3,22.7,74.4,1.16027e+10,1.92084e+10,4.00315e+10,9.14637e+09,1.33035e+10,3.99721e+10,-0.292,0.741476,0.999824
sp|P93087|CFDG3_HUMAN,P93087,CFDG3,CFDG3 protein,11,7,21.3,78,3.38419e+10,1.59553e+10,1.65386e+10,2.91274e+10,1.50959e+10,1.85868e+10,-0.043,0.929418,0.999824
sp|O36928|YUQ_HUMAN,O36928,YUQ,Putative YUQ family protein,9,6,20.3,30.9,1.50746e+10,1.16408e+10,3.37987e+10,1.6549e+10,1.33277e+10,4.11117e+10,0.204,0.779035,0.999824
sp|O46561|MHK_HUMAN,O46561,MHK,MHK isoform 1,10,6,27.5,90.6,1.29137e+10,2.13978e+10,3.61487e+10,1.29668e+10,2.09768e+10,4.00852e+10,0.042,0.95051,0.999824
sp|P85483|LPXT_HUMAN,P85483,LPXT,LPXT protein,4,3,19.5,34.9,1.15826e+11,6.24517e+10,2.25739e+10,1.2832e+11,6.7343e+10,3.44237e+10,0.288,0.760151,0.999824
sp|Q91395|FRW_HUMAN,Q91395,FRW,FRW protein,9,4,11.2,48,2.59902e+10,9.72019e+09,2.60032e+10,2.19349e+10,8.0608e+09,1.92727e+10,-0.316,0.65527,0.999824
sp|Q30039|UPV_HUMAN,Q30039,UPV,UPV domain-containing protein,13,10,3,40.4,3.34076e+10,6.22548e+09,6.48356e+09,1.72697e+10,3.22255e+09,2.51318e+09,-1.09,0.409565,0.999824
sp|O98658|VOTEN_HUMAN,O98658,VOTEN,VOTEN subunit alpha,8,6,29.4,56.2,1.98474e+10,3.65782e+10,1.15826e+10,1.54508e+10,2.98645e+10,1.01957e+10,-0.279,0.693311,0.999824
sp|P11577|ZLV_HUMAN,P11577,ZLV,ZLV domain-containing protein,11,5,27.1,56,4.45263e+10,1.22667e+11,2.37593e+10,6.02961e+10,1.3728e+11,2.72118e+10,0.265,0.796991,0.999824
sp|Q38350|KICE_HUMAN,Q38350,KICE,KICE domain-containing protein,8,5,19.4,64.8,3.95848e+10,5.28194e+10,1.77345e+10,2.157e+10,3.0845e+10,1.2099e+10,-0.735,0.299364,0.999824
sp|P91417|DUWV2_HUMAN,P91417,DUWV2,Mitochondrial DUWV2 protein,10,6,23.4,54.3,1.2228e+10,2.71464e+10,4.35858e+10,1.58878e+10,4.87949e+10,6.24538e+10,0.581,0.513376,0.999824
sp|Q82227|MBNQM_HUMAN,Q82227,MBNQM,MBNQM protein,5,3,23,57.8,1.13055e+11,6.91311e+10,2.2813e+11,1.26856e+11,9.90391e+10,2.17821e+11,0.206,0.751738,0.999824
sp|O71957|GDH_HUMAN,O71957,GDH,GDH domain-containing protein,7,5,29.4,44.4,1.22974e+10,6.33741e+10,3.18194e+10,1.23138e+10,6.48456e+10,2.76038e+10,-0.057,0.956405,0.999824
sp|P75431|AQU_HUMAN,P75431,AQU,AQU subunit alpha,10,8,18.5,63.1,2.36639e+11,1.1804e+10,1.14388e+10,2.23142e+11,1.09491e+10,1.16639e+10,-0.055,0.979768,0.999824
sp|Q32499|WJL_HUMAN,Q32499,WJL,Putative WJL family protein,7,6,36.1,36.3,2.11356e+10,2.83397e+10,6.37246e+09,4.68952e+10,7.57049e+10,1.68633e+10,1.324,0.222637,0.999824
sp|Q27297|AKFVC_HUMAN,Q27297,AKFVC,AKFVC homolog,12,9,31.6,28.1,1.45464e+10,3.16717e+09,1.5658e+10,3.18096e+09,6.49963e+08,3.50867e+09,-2.212,0.112249,0.999824
sp|O81894|MSN_HUMAN,O81894,MSN,Mitochondrial MSN protein,12,6,17.7,48.5,1.23988e+10,3.07881e+10,3.72812e+10,7.6535e+09,2.47129e+10,2.65203e+10,-0.501,0.546532,0.999824
sp|Q29581|WWHUK_HUMAN,Q29581,WWHUK,WWHUK isoform 1,8,5,12.9,48.5,1.07868e+10,4.33217e+10,7.07453e+09,1.24626e+10,5.38499e+10,7.50296e+09,0.202,0.870273,0.999824
sp|P73772|ZGOJ_HUMAN,P73772,ZGOJ,ZGOJ isoform 1,4,2,11.2,39.9,1.72933e+11,6.85222e+10,1.48772e+10,3.31036e+11,1.30877e+11,2.67504e+10,0.906,0.57346,0.999824
sp|P11462|LMI_HUMAN,P11462,LMI,LMI domain-containing protein,11,8,21.5,84.3,4.77598e+09,1.02576e+11,2.36224e+10,5.70515e+09,1.02173e+11,3.03425e+10,0.204,0.913206,0.999824
sp|Q74173|YWZG_HUMAN,Q74173,YWZG,Mitochondrial YWZG protein,12,7,24.6,80.4,9.13365e+10,5.37795e+09,1.45466e+10,4.72587e+10,2.32512e+09,9.73526e+09,-0.913,0.626347,0.999824
sp|O25511|BTSV_HUMAN,O25511,BTSV,BTSV homolog,6,4,21.3,45.8,2.66284e+10,2.77633e+10,1.68891e+10,4.51619e+10,2.93136e+10,2.21748e+10,0.411,0.340081,0.999824
sp|O65192|VHHP_HUMAN,O65192,VHHP,VHHP domain-containing protein,11,9,21.5,83.9,1.65371e+11,8.61573e+10,1.65694e+10,1.00621e+11,4.84197e+10,1.18686e+10,-0.677,0.64027,0.999824
sp|Q58665|CXAD_HUMAN,Q58665,CXAD,Putative CXAD family protein,11,3,19.9,57.2,2.98752e+10,4.43083e+10,5.39657e+10,2.60855e+10,5.52695e+10,4.90316e+10,-0.005,0.991027,0.999824
sp|O54414|MZI_HUMAN,O54414,MZI,MZI homolog,11,9,6,55.9,8.60284e+09,5.71229e+09,9.50508e+10,1.16303e+10,7.15441e+09,1.22844e+11,0.377,0.843674,0.999824
sp|P91010|WWW_HUMAN,P91010,WWW,WWW subunit alpha,10,7,21,53.5,3.69309e+10,1.25315e+10,1.24947e+11,7.57052e+10,2.80407e+10,1.83817e+11,0.918,0.50095,0.999824
sp|Q82573|STWAB_HUMAN,Q82573,STWAB,STWAB subunit alpha,6,4,5.9,90.2,2.97375e+10,8.6145e+10,2.83394e+10,4.64267e+10,1.09692e+11,3.62542e+10,0.449,0.563321,0.999824
sp|O23386|TLC_HUMAN,O23386,TLC,Mitochondrial TLC protein,13,9,24.2,82.3,2.07988e+11,1.53251e+11,2.06511e+10,1.18283e+11,6.94003e+10,1.1709e+10,-0.925,0.558791,0.999824
sp|P64460|LSX3_HUMAN,P64460,LSX3,Mitochondrial LSX3 protein,7,6,30.5,69.9,6.99867e+10,5.05069e+10,1.04101e+11,5.01167e+10,3.03793e+10,8.15291e+10,-0.523,0.368213,0.999824
sp|Q31045|HJD_HUMAN,Q31045,HJD,HJD isoform 1,11,9,14.1,51.6,1.00927e+10,5.26037e+10,7.63371e+10,6.71498e+09,5.18342e+10,4.59252e+10,-0.447,0.75,0.999824
sp|P86106|ZMANP_HUMAN,P86106,ZMANP,Mitochondrial ZMANP protein,6,3,29.8,73.2,4.93819e+10,9.10764e+09,2.29738e+10,1.66616e+11,4.30079e+10,8.35803e+10,1.952,0.0999436,0.999824
sp|P52771|GQL_HUMAN,P52771,GQL,Mitochondrial GQL protein,17,11,28.7,65.6,2.02333e+10,5.42865e+10,1.18996e+11,2.33789e+10,5.55182e+10,1.50889e+11,0.194,0.864993,0.999824
sp|Q62335|XREL_HUMAN,Q62335,XREL,XREL isoform 1,12,8,31.7,44.6,2.85264e+10,1.3501e+11,6.66342e+09,2.72337e+10,9.04509e+10,5.65205e+09,-0.294,0.871596,0.999824
sp|O62949|QLGV3_HUMAN,O62949,QLGV3,QLGV3 domain-containing protein,7,3,23.5,73.8,4.82279e+09,2.50578e+10,3.88924e+10,4.08847e+09,3.12137e+10,4.41664e+10,0.087,0.953622,0.999824
sp|P25240|CJJH_HUMAN,P25240,CJJH,CJJH protein,5,2,14.1,36.6,2.56371e+10,3.35111e+09,2.42305e+10,2.31888e+10,2.53234e+09,1.7471e+10,-0.34,0.819003,0.999824
sp|Q12716|KAWUZ_HUMAN,Q12716,KAWUZ,KAWUZ homolog,12,10,28.2,62.8,7.18693e+09,5.17491e+10,3.8219e+10,6.57153e+09,3.44071e+10,2.38068e+10,-0.467,0.704785,0.999824
sp|O26574|VXUF_HUMAN,O26574,VXUF,Putative VXUF family protein,8,5,17,9.2,1.03486e+10,1.58452e+10,9.18453e+09,6.35091e+09,9.17898e+09,6.12932e+09,-0.692,0.0883029,0.999824
sp|P93255|EGTTR4_HUMAN,P93255,EGTTR4,EGTTR4 protein,9,6,22.9,44,2.48798e+10,6.88463e+10,9.8849e+09,2.12811e+10,5.41555e+10,8.35471e+09,-0.271,0.820817,0.999824
sp|Q54066|QILPT3_HUMAN,Q54066,QILPT3,QILPT3 subunit alpha,9,5,20.6,96.6,4.38503e+10,1.55876e+10,1.19875e+10,2.8803e+10,1.05087e+10,7.37359e+09,-0.625,0.48833,0.999824
sp|O71826|TEDO_HUMAN,O71826,TEDO,TEDO isoform 1,8,4,31,75.7,2.38004e+10,9.40736e+09,1.52272e+10,1.81969e+10,6.87766e+09,1.14004e+10,-0.419,0.496217,0.999824
sp|P30213|XVGVM_HUMAN,P30213,XVGVM,XVGVM homolog,12,7,27.8,85.7,7.99532e+09,1.88946e+11,2.74399e+10,1.12348e+10,3.07343e+11,3.55377e+10,0.522,0.80014,0.999824
sp|Q81916|UMBT3_HUMAN,Q81916,UMBT3,UMBT3 homolog,14,10,21.4,41.7,1.31577e+10,3.28094e+10,2.36747e+10,4.40985e+09,1.34243e+10,6.9011e+09,-1.548,0.0649494,0.999824
sp|O60906|RKVOC_HUMAN,O60906,RKVOC,RKVOC subunit alpha,10,5,6.4,57.1,2.12374e+10,4.8955e+10,5.65001e+10,3.82369e+10,1.2879e+11,1.3537e+11,1.168,0.196227,0.999824
sp|P10463|DJTGJ_HUMAN,P10463,DJTGJ,DJTGJ subunit alpha,12,10,16.9,80.6,1.55838e+10,1.48934e+10,2.01194e+10,2.15168e+10,1.73278e+10,2.1802e+10,0.267,0.200869,0.999824
sp|Q41973|RMQ_HUMAN,Q41973,RMQ,RMQ subunit alpha,12,9,27.6,67.7,2.65067e+09,5.82141e+09,1.03919e+11,2.79407e+09,7.31234e+09,1.2078e+11,0.207,0.93223,0.999824
sp|O84694|FBVXH_HUMAN,O84694,FBVXH,Putative FBVXH family protein,12,9,24.2,65.2,1.37236e+11,2.06496e+10,4.7148e+10,7.07486e+10,1.57695e+10,3.62765e+10,-0.574,0.601138,0.999824
sp|O14922|UECWQ3_HUMAN,O14922,UECWQ3,UECWQ3 isoform 1,7,3,33.3,55.8,4.56307e+09,8.11306e+09,3.44699e+09,6.90326e+09,7.70283e+09,2.9218e+09,0.095,0.876977,0.999824
sp|P30651|YHM1_HUMAN,P30651,YHM1,YHM1 isoform 1,8,7,10,87.6,3.61611e+10,5.75716e+11,8.11508e+10,4.59685e+10,6.69607e+11,1.23742e+11,0.391,0.822954,0.999824
sp|Q80474|KJY_HUMAN,Q80474,KJY,KJY isoform 1,3,3,7.5,34.2,2.33085e+10,1.01878e+10,5.3137e+09,2.30098e+10,5.99676e+09,3.86164e+09,-0.415,0.698019,0.999824
sp|P97924|YHRF_HUMAN,P97924,YHRF,Putative YHRF family protein,9,3,13.5,19.9,1.3876e+10,8.98167e+09,1.43148e+11,3.04133e+10,2.42611e+10,3.36781e+11,1.267,0.505984,0.999824
sp|O48185|PSXR_HUMAN,O48185,PSXR,PSXR isoform 1,6,3,23.6,51.3,3.24661e+10,1.24334e+10,6.38838e+09,3.31411e+10,1.49535e+10,6.69924e+09,0.121,0.904631,0.999824
sp|O81139|EDWL_HUMAN,O81139,EDWL,EDWL homolog,11,8,27.4,76.5,2.86199e+10,1.11948e+10,1.21493e+11,4.06959e+10,1.8482e+10,1.78968e+11,0.597,0.689185,0.999824
sp|P44980|PAUGD_HUMAN,P44980,PAUGD,PAUGD protein,8,6,31.6,36.7,4.5406e+10,9.38852e+09,2.1898e+10,3.03225e+10,7.3175e+09,1.47377e+10,-0.504,0.599263,0.999824
sp|Q32504|FFWID_HUMAN,Q32504,FFWID,FFWID protein,5,4,16,69.7,1.10355e+10,6.64546e+09,6.68808e+10,1.09697e+10,7.43523e+09,5.62464e+10,-0.032,0.982152,0.999824
sp|Q84417|CROZ_HUMAN,Q84417,CROZ,CROZ domain-containing protein,14,10,14.3,33.1,6.39674e+10,2.62788e+10,1.16359e+11,6.07928e+10,2.5315e+10,1.22674e+11,-0.017,0.985921,0.999824
sp|O64970|WDDG1_HUMAN,O64970,WDDG1,WDDG1 homolog,13,11,21.6,88.2,1.78779e+11,6.5415e+09,4.65117e+10,3.48802e+11,1.06709e+10,8.85592e+10,0.866,0.689445,0.999824
sp|Q27796|GDK3_HUMAN,Q27796,GDK3,GDK3 protein,11,8,20.7,65.4,1.11645e+10,2.78061e+10,1.15396e+10,1.97973e+10,5.46341e+10,2.10937e+10,0.89,0.237439,0.999824
sp|O43139|LJPL3_HUMAN,O43139,LJPL3,LJPL3 isoform 1,12,8,22.3,69.9,3.47157e+10,2.51912e+10,2.0859e+10,4.4062e+10,4.37386e+10,2.22247e+10,0.41,0.362121,0.999824
sp|P83843|SXR_HUMAN,P83843,SXR,SXR homolog,5,5,28.1,30.6,1.06885e+10,1.48792e+10,5.63806e+10,1.04287e+10,1.16177e+10,5.03808e+10,-0.185,0.867087,0.999824
sp|Q50205|BMK_HUMAN,Q50205,BMK,BMK domain-containing protein,6,3,16.6,42.7,4.37133e+10,9.966e+09,2.92555e+10,7.49011e+10,1.37585e+10,3.85177e+10,0.546,0.598085,0.999824
sp|O44159|XBCPB_HUMAN,O44159,XBCPB,XBCPB homolog,5,3,9.8,34.9,5.61553e+10,4.98947e+09,4.56085e+10,9.99881e+10,8.27394e+09,5.66701e+10,0.625,0.709054,0.999824
sp|P21516|OIZNL_HUMAN,P21516,OIZNL,OIZNL protein,9,3,35.5,44.3,1.36551e+10,4.68679e+10,1.23478e+10,1.7704e+10,4.49347e+10,1.41251e+10,0.169,0.843558,0.999824
sp|Q60492|CRWOW_HUMAN,Q60492,CRWOW,Putative CRWOW family protein,10,5,30.7,69.3,4.3573e+09,5.20277e+09,2.7794e+10,2.65054e+09,2.75847e+09,1.68041e+10,-0.786,0.555584,0.999824
sp|O39086|ILKC_HUMAN,O39086,ILKC,ILKC homolog,3,2,13.2,43.1,3.4345e+10,1.07233e+10,5.01655e+10,2.66408e+10,9.0329e+09,3.65869e+10,-0.356,0.71438,0.999824
sp|P40480|JDXB_HUMAN,P40480,JDXB,JDXB protein,12,9,23.1,54.3,5.02896e+09,2.47953e+10,7.89096e+09,4.00846e+09,2.84057e+10,6.72331e+09,-0.121,0.917222,0.999824
sp|Q62091|CTVO_HUMAN,Q62091,CTVO,CTVO isoform 1,7,4,30.1,34.2,1.38032e+10,2.77749e+10,1.12046e+10,1.48515e+10,3.35697e+10,1.11889e+10,0.126,0.849242,0.999824
sp|O57766|IDJRT_HUMAN,O57766,IDJRT,IDJRT homolog,10,7,28,79.5,1.80326e+10,7.24594e+10,1.48774e+10,1.9665e+10,8.74742e+10,2.14899e+10,0.309,0.773154,0.999824
sp|P48737|ZPJ_HUMAN,P48737,ZPJ,Putative ZPJ family protein,15,9,25.7,44.1,6.10948e+10,8.55938e+09,4.49944e+10,6.70172e+10,7.59768e+09,5.23327e+10,0.06,0.966233,0.999824
sp|Q19265|RFC_HUMAN,Q19265,RFC,RFC subunit alpha,12,11,20.6,85.5,1.11978e+11,2.2369e+09,1.19393e+10,3.59324e+11,6.06348e+09,3.74073e+10,1.589,0.537818,0.999824
sp|O80990|TOU_HUMAN,O80990,TOU,Mitochondrial TOU protein,9,8,35.8,56.2,4.71723e+10,2.16215e+10,3.83932e+10,5.58308e+10,2.39469e+10,3.60756e+10,0.1,0.847195,0.999824
sp|P25386|PQAYV_HUMAN,P25386,PQAYV,Putative PQAYV family protein,9,6,23.8,26.9,1.44797e+10,2.8885e+10,2.26703e+10,2.10322e+10,3.99976e+10,3.05771e+10,0.48,0.293505,0.999824
sp|Q47425|SIIA_HUMAN,Q47425,SIIA,SIIA isoform 1,12,8,17.9,51.6,8.51587e+10,3.41634e+10,3.71267e+10,1.30347e+11,4.7796e+10,4.99654e+10,0.509,0.466535,0.999824
sp|O53254|KDQAT3_HUMAN,O53254,KDQAT3,KDQAT3 domain-containing protein,13,7,29,33.7,1.75465e+10,1.62668e+10,1.71874e+10,1.83099e+10,2.83105e+10,2.53102e+10,0.473,0.12489,0.999824
sp|P96717|IJSU_HUMAN,P96717,IJSU,IJSU protein,14,11,22.8,66.8,3.92985e+10,1.73875e+10,3.53928e+10,5.49858e+10,2.43532e+10,5.30693e+10,0.518,0.385533,0.999824
sp|Q57662|ETB5_HUMAN,Q57662,ETB5,ETB5 domain-containing protein,10,7,24.8,49.8,2.11058e+11,6.32983e+10,1.91195e+10,2.92833e+11,8.16249e+10,2.40743e+10,0.391,0.800101,0.999824
sp|O97527|LPKFN_HUMAN,O97527,LPKFN,LPKFN protein,12,9,23.6,58.3,8.80538e+10,1.76134e+10,3.45081e+09,8.89752e+10,1.03979e+10,3.22571e+09,-0.281,0.892174,0.999824
sp|P85452|RPNI4_HUMAN,P85452,RPNI4,RPNI4 isoform 1,6,5,26,47.6,9.66632e+09,4.07937e+09,1.86383e+10,4.71979e+09,2.75084e+09,1.1501e+10,-0.766,0.430455,0.999824
sp|Q39424|AHF5_HUMAN,Q39424,AHF5,AHF5 subunit alpha,11,8,14.2,43.9,2.69815e+10,1.41623e+11,3.67325e+10,2.92338e+10,1.55774e+11,4.01836e+10,0.128,0.908545,0.999824
sp|O51984|IATE_HUMAN,O51984,IATE,IATE homolog,9,7,10.4,35.5,2.12771e+10,6.07119e+10,2.90258e+09,2.14954e+10,5.25327e+10,2.4312e+09,-0.15,0.939011,0.999824
sp|P51505|NVU4_HUMAN,P51505,NVU4,Mitochondrial NVU4 protein,10,8,33.5,71.7,3.35269e+10,5.72598e+10,6.03845e+09,3.69967e+10,7.39226e+10,6.12033e+09,0.177,0.909011,0.999824
sp|Q36957|BAXWO_HUMAN,Q36957,BAXWO,BAXWO homolog,7,5,24,51.5,8.31369e+10,3.71599e+10,1.74868e+10,5.58974e+10,2.66525e+10,9.67894e+09,-0.635,0.552504,0.999824
sp|O35464|KCAIU_HUMAN,O35464,KCAIU,Mitochondrial KCAIU protein,7,5,28.2,48.7,4.98748e+10,2.56577e+11,3.17725e+10,3.41873e+10,1.59618e+11,2.77949e+10,-0.474,0.716121,0.999824
sp|P33649|XCVGP_HUMAN,P33649,XCVGP,XCVGP domain-containing protein,12,10,7.9,51,3.39522e+10,1.67328e+10,1.13236e+10,6.18257e+10,2.07701e+10,1.72838e+10,0.596,0.466662,0.999824
sp|Q52065|TFUB_HUMAN,Q52065,TFUB,TFUB isoform 1,12,10,30.5,41.4,6.07684e+10,1.12532e+10,2.84543e+10,7.03513e+10,1.26062e+10,2.84124e+10,0.124,0.907442,0.999824
sp|O44758|FUJYQ5_HUMAN,O44758,FUJYQ5,FUJYQ5 protein,8,6,17.8,48.8,1.64295e+10,4.27647e+10,3.69807e+10,2.53113e+10,4.72866e+10,4.47514e+10,0.348,0.542933,0.999824
sp|P26374|GED_HUMAN,P26374,GED,GED protein,10,9,15.6,59.1,7.47593e+10,1.59063e+10,2.02238e+10,1.34929e+11,3.68263e+10,3.81523e+10,0.993,0.345613,0.999824
sp|Q13775|YQM_HUMAN,Q13775,YQM,YQM isoform 1,5,3,21.5,34.3,9.95396e+09,1.69869e+10,3.86302e+10,9.80209e+09,1.88291e+10,4.33404e+10,0.097,0.913474,0.999824
